{
  "poseDetectorConfig": {
    "model": "MoveNet",
    "detectorConfig": {},
    "estimationConfig": {}
  },
  "classifierConfig": {
    "path": "./tfjs-model/push-up/model.json",
    "label": ["Other", "Push Up"]
  },
  "rulesCountConfig": {
    "nameWorkout": "Push Up",
    "nameStage": ["Down", "Up"],
    "pathImageStage": ["./img/iconmonstr-caret-down-circle-filled-64.png", "./img/iconmonstr-caret-up-circle-filled-64.png"],
    "pathAudioStage": ["./audio/go-down-from-google-translate.webm", "./audio/go-up-from-google-translate.webm"],
    "anglePoint": {
      "7": {
        "spouseIdx": [9, 5],
        "rangeAngle": [
          { "min": 0, "max": 90 },
          { "min": 150, "max": 180 }
        ]
      },
      "8": {
        "spouseIdx": [10, 6],
        "rangeAngle": [
          { "min": 0, "max": 90 },
          { "min": 150, "max": 180 }
        ]
      },
      "13": {
        "spouseIdx": [11, 15],
        "rangeAngle": [
          { "min": 150, "max": 180 },
          { "min": 150, "max": 180 }
        ]
      },
      "14": {
        "spouseIdx": [12, 16],
        "rangeAngle": [
          { "min": 150, "max": 180 },
          { "min": 150, "max": 180 }
        ]
      }
    }
  }
}
